FirstName,LastName,Email,Major
Alice,Alison,alice@example.edu,ISAT
Bob,Boberson,bob@example.edu,ISAT
Chuck,Chuckson,chuck@example.edu,CS
David,Davidson,david@example.edu,CIS
Ed,Edson,ed@example.edu,MATH
Frank,Frankson,frank@example.edu,CS
George,Georgeson,george@example.edu,CIS
Harold,Haroldson,harold@example.edu,ISAT
